url,status,title,meta_description,published_time,author,h1,file_path
https://tiximax.us/,200,"Trang chủ TIXIMAX - VẬN CHUYỂN, MUA HỘ HÀNG MỸ","TIXIMAX US cung cấp dịch vụ mua hộ hàng Mỹ giá tốt, vận chuyển hàng từ Mỹ về Việt Nam, thanh toán hộ uy tín.",2025-08-13T04:34:02+00:00,,"VẬN CHUYỂN, MUA HỘ HÀNG MỸ",pages\000001--home.txt
https://tiximax.us/blocks/404-page-not-found,200,,,,,,pages\000002--blocks--404-page-not-found.txt
https://tiximax.us/blocks/footer,200,,,,,,pages\000003--blocks--footer.txt
https://tiximax.us/bai-viet,404,,,,,,pages\000004--bai-viet.txt
https://tiximax.us/archive,404,,,,,,pages\000005--archive.txt
https://tiximax.us/bang-gia,200,"Bảng giá - TIXIMAX - VẬN CHUYỂN, MUA HỘ HÀNG MỸ",,2025-07-14T08:24:53+00:00,,BẢNG GIÁ DỊCH VỤ TẠI TIXIMAX US,pages\000006--bang-gia.txt
https://tiximax.us/author/nguyenhanh,200,"Nguyên Hạnh, Author at TIXIMAX - VẬN CHUYỂN, MUA HỘ HÀNG MỸ",,,,,pages\000007--author--nguyenhanh.txt
https://tiximax.us/author/admin,200,"Trang chủ TIXIMAX - VẬN CHUYỂN, MUA HỘ HÀNG MỸ","TIXIMAX US cung cấp dịch vụ mua hộ hàng Mỹ giá tốt, vận chuyển hàng từ Mỹ về Việt Nam, thanh toán hộ uy tín.",2025-08-13T04:34:02+00:00,,"VẬN CHUYỂN, MUA HỘ HÀNG MỸ",pages\000008--author--admin.txt
https://tiximax.us/blog,200,"Blog - TIXIMAX - VẬN CHUYỂN, MUA HỘ HÀNG MỸ","Chia sẻ những thông tin hữu ích về Logistics, nguồn hàng Indonesia, mẹo mua hàng, săn mã giảm giá, kiến thức về thị trường",2025-07-24T02:19:20+00:00,,,pages\000009--blog.txt
https://tiximax.us/blogs,404,,,,,,pages\000010--blogs.txt
https://tiximax.us/category,404,,,,,,pages\000011--category.txt
https://tiximax.us/category/ho-tro-khach-hang,200,"HỖ TRỢ KHÁCH HÀNG - TIXIMAX - VẬN CHUYỂN, MUA HỘ HÀNG MỸ",Gặp khó khăn khi mua hàng? Xem ngay mục Hỗ trợ khách hàng của TIXIMAX để được hướng dẫn chi tiết từ A–Z: từ đặt hàng đến đổi trả dễ dàng.,,,,pages\000012--category--ho-tro-khach-hang.txt
https://tiximax.us/category/thi-truong-my,200,"KIẾN THỨC THỊ TRƯỜNG Archives - TIXIMAX - VẬN CHUYỂN, MUA HỘ HÀNG MỸ",,,,,pages\000013--category--thi-truong-my.txt
https://tiximax.us/chuyen-muc,404,,,,,,pages\000014--chuyen-muc.txt
https://tiximax.us/cau-hoi-thuong-gap,200,"Câu Hỏi Thường Gặp (FAQ) - TIXIMAX - VẬN CHUYỂN, MUA HỘ HÀNG MỸ",,2025-07-21T02:58:55+00:00,,,pages\000015--cau-hoi-thuong-gap.txt
https://tiximax.us/dau-gia-dam-phan-nha-cung-cap,200,"Đấu giá đàm phán nhà cung cấp - TIXIMAX - VẬN CHUYỂN, MUA HỘ HÀNG MỸ","Dịch vụ đấu giá eBay uy tín – giúp bạn săn hàng Mỹ chính hãng dễ dàng, không cần tài khoản quốc tế, hỗ trợ đặt giá & vận chuyển trọn gói!",2025-08-18T08:01:09+00:00,,"ĐẤU GIÁ, ĐÀM PHÁN NHÀ CUNG CẤP",pages\000016--dau-gia-dam-phan-nha-cung-cap.txt
https://tiximax.us/cong-ty-forwarder,200,"Công ty Forwarder là gì? Dịch vụ & Chi phí bạn cần biết - TIXIMAX - VẬN CHUYỂN, MUA HỘ HÀNG MỸ","Công ty forwarder giúp tối ưu chi phí, quản lý vận chuyển hiệu quả và giảm rủi ro. Khám phá ngay giải pháp logistics thông minh cho doanh nghiệp!",2025-08-20T02:55:41+00:00,Chuyên viên TIXIMAX,Công ty Forwarder là gì? Dịch vụ & Chi phí bạn cần biết,pages\000017--cong-ty-forwarder.txt
https://tiximax.us/dich-vu,200,"Dịch vụ - TIXIMAX - VẬN CHUYỂN, MUA HỘ HÀNG MỸ","Tổng hợp các dịch vụ của TIXIMAX đang cung cấp: Vận chuyển hàng hóa 2 chiều Indonesia - Việt Nam, mua hàng hộ, thanh toán hộ",2025-06-13T10:12:19+00:00,,,pages\000018--dich-vu.txt
https://tiximax.us/dropship-shopify,200,"Dropship Shopify : Hướng Dẫn Kinh Doanh Hàng Mỹ Hiệu Quả - TIXIMAX - VẬN CHUYỂN, MUA HỘ HÀNG MỸ","Khám phá bí quyết dropship hàng Mỹ với Shopify : chiến lược chọn sản phẩm hot, tối ưu chi phí và xây dựng thương hiệu bền vững.",2025-08-12T09:43:22+00:00,Nguyên Hạnh,Dropship Shopify : Hướng Dẫn Kinh Doanh Hàng Mỹ Hiệu Quả,pages\000019--dropship-shopify.txt
https://tiximax.us/dropship-aliexpress,200,"Dropship Aliexpress : Hướng Dẫn Cho Người Mới Bắt Đầu - TIXIMAX - VẬN CHUYỂN, MUA HỘ HÀNG MỸ","Dropship Aliexpress : Hướng dẫn tạo tài khoản, chọn ngách, dùng Aliexpress Dropshipping Center và tối ưu lợi nhuận khi kinh doanh online.",2025-08-16T09:19:17+00:00,Nguyên Hạnh,Dropship Aliexpress : Hướng Dẫn Cho Người Mới Bắt Đầu,pages\000020--dropship-aliexpress.txt
https://tiximax.us/dropship-ebay-huong-dan-kinh-nghiem-va-chinh-sach,200,"Dropship eBay : Hướng Dẫn, Kinh Nghiệm và Chính Sách - TIXIMAX - VẬN CHUYỂN, MUA HỘ HÀNG MỸ","Dropshipping trên eBay đơn giản hơn bạn nghĩ ! Hướng dẫn chi tiết cách bán hàng, tìm sản phẩm, và kinh nghiệm thành công cho người mới.",2025-08-11T09:49:03+00:00,Nguyên Hạnh,"Dropship eBay : Hướng Dẫn, Kinh Nghiệm và Chính Sách",pages\000021--dropship-ebay-huong-dan-kinh-nghiem-va-chinh-sach.txt
https://tiximax.us/dropshipping-tren-amazon,200,"Dropshipping Trên Amazon Hiệu Quả Cho Người Mới Bắt Đầu - TIXIMAX - VẬN CHUYỂN, MUA HỘ HÀNG MỸ","Khám phá bí quyết dropshipping trên Amazon : từ tìm sản phẩm, tuân thủ chính sách đến tối ưu lợi nhuận cho hành trình bán hàng thành công.",2025-08-14T07:19:28+00:00,Nguyên Hạnh,Dropshipping Trên Amazon Hiệu Quả Cho Người Mới Bắt Đầu,pages\000022--dropshipping-tren-amazon.txt
https://tiximax.us/dropshipping-cho-nguoi-moi-bat-dau,200,"Dropshipping Cho Người Mới Bắt Đầu : Hướng Dẫn A–Z - TIXIMAX - VẬN CHUYỂN, MUA HỘ HÀNG MỸ","Dropshipping cho người mới bắt đầu : hướng dẫn chi tiết cách làm, chọn sản phẩm, tạo cửa hàng Shopify, marketing và xử lý đơn hàng hiệu quả.",2025-08-07T11:44:10+00:00,Nguyên Hạnh,Dropshipping Cho Người Mới Bắt Đầu : Hướng Dẫn A–Z,pages\000023--dropshipping-cho-nguoi-moi-bat-dau.txt
https://tiximax.us/dropshipping-alibaba,200,"Dropshipping Alibaba 2025 : Hướng Dẫn Cho Người Mới Bắt Đầu - TIXIMAX - VẬN CHUYỂN, MUA HỘ HÀNG MỸ","Dropship Alibaba từ A–Z : Hướng dẫn tìm nguồn hàng uy tín, so sánh với AliExpress, mẹo đàm phán và bí quyết kinh doanh thành công.",2025-08-15T10:14:57+00:00,Nguyên Hạnh,Dropshipping Alibaba 2025 : Hướng Dẫn Cho Người Mới Bắt Đầu,pages\000024--dropshipping-alibaba.txt
https://tiximax.us/category/thi-truong-my/page/2,200,"KIẾN THỨC THỊ TRƯỜNG Archives - Page 2 of 2 - TIXIMAX - VẬN CHUYỂN, MUA HỘ HÀNG MỸ",,,,,pages\000025--category--thi-truong-my--page--2.txt
https://tiximax.us/category/huong-dan,200,"Hướng dẫn Archives - TIXIMAX - VẬN CHUYỂN, MUA HỘ HÀNG MỸ","Hướng dẫn khách hàng các thao tác kiểm tra giá, đặt hàng, theo dõi đơn hàng, giải đáp các thắc mắc của khách hàng về dịch vụ vận chuyển hàng hóa quốc tế.",,,Nothing Found,pages\000026--category--huong-dan.txt
https://tiximax.us/category/tin-tuc-dich-vu,200,"TIN TỨC DỊCH VỤ - TIXIMAX - VẬN CHUYỂN, MUA HỘ HÀNG MỸ","Cập nhật nhanh tin tức mới nhất về dịch vụ, xu hướng thị trường và Case Study. Khám phá những thông tin đáng tin cậy, hữu ích và dễ áp dụng.",,,Nothing Found,pages\000027--category--tin-tuc-dich-vu.txt
https://tiximax.us/category/dich-vu,200,"Dịch vụ Archives - TIXIMAX - VẬN CHUYỂN, MUA HỘ HÀNG MỸ","Cung cấp các cập nhật mới, chính sách ưu đãi, chương trình khuyến mãi về các dịch vụ được cung cấp bởi TIXIMAX.",,,Nothing Found,pages\000028--category--dich-vu.txt
https://tiximax.us/dropshipping-tren-shopee,200,"Dropshipping Trên Shopee : Hướng Dẫn Cho Người Mới - TIXIMAX - VẬN CHUYỂN, MUA HỘ HÀNG MỸ","Dropshipping Shopee như thế nào ? Tìm hiểu quy trình, ưu nhược điểm và kinh nghiệm dropship trên Shopee giúp bạn bắt đầu dễ dàng hơn.",2025-08-17T03:00:10+00:00,Nguyên Hạnh,Dropshipping Trên Shopee : Hướng Dẫn Cho Người Mới,pages\000029--dropshipping-tren-shopee.txt
https://tiximax.us/forwarder-la-gi,200,"Forwarder Là Gì ? Tất Tần Tật Về Forwarder Logistics - TIXIMAX - VẬN CHUYỂN, MUA HỘ HÀNG MỸ",Forwarder là gì ? ên forwarder đóng vai trò gì trong logistics. Khám phá công việc forwarder làm và cách chọn forwarder company uy tín.,2025-08-18T06:39:32+00:00,Nguyên Hạnh,Forwarder Là Gì ? Tất Tần Tật Về Forwarder Logistics,pages\000030--forwarder-la-gi.txt
https://tiximax.us/author/nguyenhanh/page/2,200,"Nguyên Hạnh, Author at TIXIMAX - VẬN CHUYỂN, MUA HỘ HÀNG MỸ - Page 2 of 2",,,,,pages\000031--author--nguyenhanh--page--2.txt
https://tiximax.us/dropshipping-tren-taobao,200,"Kinh Nghiệm Dropshipping Trên Taobao Cho Người Mới Bắt Đầu - TIXIMAX - VẬN CHUYỂN, MUA HỘ HÀNG MỸ","Dropship Taobao dễ dàng với hướng dẫn tìm nguồn hàng, quy trình nhập, vận chuyển và thanh toán. Bí quyết giúp bạn kinh doanh thành công.",2025-08-14T11:49:26+00:00,Nguyên Hạnh,Kinh Nghiệm Dropshipping Trên Taobao Cho Người Mới Bắt Đầu,pages\000032--dropshipping-tren-taobao.txt
https://tiximax.us/forwarder-vs-carrier,200,"Forwarder vs Carrier : Nên Chọn Ai Để Tối Ưu Vận Tải Quốc Tế ? - TIXIMAX - VẬN CHUYỂN, MUA HỘ HÀNG MỸ","Forwarder và Carrier : Forwarder khác gì Carrier ? Bài viết phân tích sự khác nhau, tình huống thực tế và các forwarder uy tín ở Việt Nam.",2025-08-19T10:39:14+00:00,Nguyên Hạnh,Forwarder vs Carrier : Nên Chọn Ai Để Tối Ưu Vận Tải Quốc Tế ?,pages\000033--forwarder-vs-carrier.txt
https://tiximax.us/gui-hang-di-my,200,DỊCH VỤ GỬI HÀNG ĐI MỸ TIXIMAX,"Cần gửi hàng đi Mỹ? TIXIMAX cung cấp dịch vụ chuyên nghiệp, trọn gói từ A-Z. Gửi đồ, quà tặng, tài liệu... đi Mỹ dễ dàng, uy tín, giá tốt.",2025-07-23T02:34:59+00:00,,DỊCH VỤ GỬI HÀNG ĐI MỸ,pages\000034--gui-hang-di-my.txt
https://tiximax.us/huong-dan-tao-don-hang,200,"Hướng dẫn tạo đơn hàng - TIXIMAX - VẬN CHUYỂN, MUA HỘ HÀNG MỸ","Chào mừng quý khách đến với TIXIMAX US! Để đảm bảo mọi giao dịch diễn ra thuận lợi và hiệu quả, chúng tôi đã thiết lập một quy trình tạo đơn hàng đơn giản và minh bạch. Hướng dẫn chi tiết sau đây sẽ giúp quý khách dễ dàng tạo đơn hàng trên hệ thống [...]",2025-07-10T04:58:00+00:00,,Hướng dẫn tạo đơn hàng,pages\000035--huong-dan-tao-don-hang.txt
https://tiximax.us/khai-bao-hai-quan-quoc-te-chinh-ngach,200,"Khai báo hải quan quốc tế chính ngạch - TIXIMAX - VẬN CHUYỂN, MUA HỘ HÀNG MỸ",,,,,pages\000036--khai-bao-hai-quan-quoc-te-chinh-ngach.txt
https://tiximax.us/mua-hang-amazon,200,"Hướng Dẫn Mua Hàng Amazon Mỹ: Từ A đến Z Cho Người Mới - TIXIMAX - VẬN CHUYỂN, MUA HỘ HÀNG MỸ","Khám phá cách mua hàng trên Amazon dễ dàng, tiết kiệm – hướng dẫn chi tiết, mẹo săn giá, top sản phẩm hot và dịch vụ mua hộ uy tín.",2025-07-21T08:11:12+00:00,Chuyên viên TIXIMAX,Hướng Dẫn Mua Hàng Amazon Mỹ: Từ A đến Z Cho Người Mới,pages\000037--mua-hang-amazon.txt
https://tiximax.us/mua-hang-my,200,"Hướng Dẫn Mua Hàng Mỹ Ship Về Việt Nam Cho Người Mới - TIXIMAX - VẬN CHUYỂN, MUA HỘ HÀNG MỸ","Cẩm nang mua hàng Mỹ online cho người mới: từ chọn nền tảng (Amazon, eBay, Walmart…) đến hướng dẫn thanh toán, vận chuyển.",2025-07-19T10:22:13+00:00,Chuyên viên TIXIMAX,Hướng Dẫn Mua Hàng Mỹ Ship Về Việt Nam Cho Người Mới,pages\000038--mua-hang-my.txt
https://tiximax.us/mua-hang-ebay,200,"Cách mua hàng eBay Mỹ: Hướng dẫn, đấu giá và kinh nghiệm - TIXIMAX - VẬN CHUYỂN, MUA HỘ HÀNG MỸ","Hướng dẫn cách mua hàng eBay Mỹ, đấu giá hiệu quả, chọn người bán uy tín và chia sẻ kinh nghiệm giúp bạn mua hàng an toàn, tiết kiệm.",2025-07-22T08:11:19+00:00,Chuyên viên TIXIMAX,"Cách mua hàng eBay Mỹ: Hướng dẫn, đấu giá và kinh nghiệm",pages\000039--mua-hang-ebay.txt
https://tiximax.us/mua-hang-target,200,"Mua Hàng Trên Target Từ Việt Nam : Những Điều Cần Biết - TIXIMAX - VẬN CHUYỂN, MUA HỘ HÀNG MỸ","Khám phá cách mua hàng Target từ Việt Nam dễ dàng, tiết kiệm. Gợi ý sản phẩm nên mua, mẹo săn deal & dịch vụ mua hộ uy tín, an toàn.",2025-07-28T10:00:44+00:00,Nguyên Hạnh,Mua Hàng Trên Target Từ Việt Nam : Những Điều Cần Biết,pages\000040--mua-hang-target.txt
https://tiximax.us/mua-hang-costco,200,"Hướng Dẫn Mua Hàng Costco Mỹ Tiết Kiệm & An Toàn - TIXIMAX - VẬN CHUYỂN, MUA HỘ HÀNG MỸ","Khám phá cách mua hàng Costco Mỹ chính hãng từ Việt Nam, mẹo tiết kiệm chi phí, danh sách sản phẩm nên mua & gợi ý dịch vụ mua hộ uy tín.",2025-07-26T05:38:26+00:00,Nguyên Hạnh,Hướng Dẫn Mua Hàng Costco Mỹ Tiết Kiệm & An Toàn,pages\000041--mua-hang-costco.txt
https://tiximax.us/mua-hang-tren-jomashop,200,"Mua hàng trên Jomashop – Cách mua đồng hồ Mỹ chính hãng - TIXIMAX - VẬN CHUYỂN, MUA HỘ HÀNG MỸ","Hướng dẫn mua hàng trên Jomashop từ A–Z: cách chọn đồng hồ chính hãng, thanh toán an toàn & mẹo tiết kiệm khi mua hàng Mỹ tại Việt Nam.",2025-07-23T08:30:36+00:00,Chuyên viên TIXIMAX,Mua hàng trên Jomashop – Cách mua đồng hồ Mỹ chính hãng,pages\000042--mua-hang-tren-jomashop.txt
https://tiximax.us/mua-ho-hang-my,200,"DỊCH VỤ MUA HỘ HÀNG MỸ - TIXIMAX - VẬN CHUYỂN, MUA HỘ HÀNG MỸ","TIXIMAX US: Chuyên mua hộ hàng Mỹ về Việt Nam uy tín. Dễ dàng mua hàng Mỹ từ Amazon, eBay, Walmart với phí ship cạnh tranh.",2025-08-13T04:35:27+00:00,,MUA HỘ HÀNG MỸ,pages\000043--mua-ho-hang-my.txt
https://tiximax.us/mua-hang-walmart,200,"Mua hàng Walmart Mỹ giá rẻ: 5 mẹo cần biết - TIXIMAX - VẬN CHUYỂN, MUA HỘ HÀNG MỸ","Hướng dẫn mua hàng Walmart từ A–Z: cách đặt hàng, săn deal, tận dụng dịch vụ mua hộ để sở hữu hàng Mỹ chính hãng giá tốt ngay tại Việt Nam.",2025-07-24T09:54:07+00:00,Chuyên viên TIXIMAX,Mua hàng Walmart Mỹ giá rẻ: 5 mẹo cần biết,pages\000044--mua-hang-walmart.txt
https://tiximax.us/news,404,,,,,,pages\000045--news.txt
https://tiximax.us/tag,404,,,,,,pages\000046--tag.txt
https://tiximax.us/tags,404,,,,,,pages\000047--tags.txt
https://tiximax.us/quy-trinh-mua-hang-ho,200,"Quy trình mua hàng hộ - TIXIMAX - VẬN CHUYỂN, MUA HỘ HÀNG MỸ","Mua hàng hộ dễ dàng tại TIXIMAX chỉ với 5 bước, ai cũng có thể dễ dàng mua hàng. Giá cước minh bạch, theo dõi dễ dàng, tư vấn 24/7",2025-07-16T07:27:37+00:00,,,pages\000048--quy-trinh-mua-hang-ho.txt
https://tiximax.us/author/nguyenhanh/page/1,200,"Nguyên Hạnh, Author at TIXIMAX - VẬN CHUYỂN, MUA HỘ HÀNG MỸ",,,,,pages\000049--author--nguyenhanh--page--1.txt
https://tiximax.us/tat-ca-bai-viet,404,,,,,,pages\000050--tat-ca-bai-viet.txt
https://tiximax.us/thu-tuc-nhap-khau-hoa-chat,200,"Thủ tục nhập khẩu hóa chất - Chia sẻ kinh nghiệm và lời khuyên - TIXIMAX - VẬN CHUYỂN, MUA HỘ HÀNG MỸ","Tìm hiểu thủ tục nhập khẩu hóa chất, hướng dẫn khai báo hóa chất qua mạng chi tiết, đúng quy định khi nhập khẩu từ Mỹ và các quốc gia khác.",2025-08-06T01:32:44+00:00,Chuyên viên TIXIMAX,Thủ tục nhập khẩu hóa chất – Chia sẻ kinh nghiệm và lời khuyên,pages\000051--thu-tuc-nhap-khau-hoa-chat.txt
https://tiximax.us/thu-tuc-nhap-khau-my-pham,200,"Toàn Bộ Thủ Tục Nhập Khẩu Mỹ Phẩm 2025 - TIXIMAX - VẬN CHUYỂN, MUA HỘ HÀNG MỸ","Thủ tục nhập khẩu mỹ phẩm cập nhật 2025: từ công bố, kiểm nghiệm đến thông quan. Áp dụng cho cả nguyên liệu, bao bì, hàng từ nước ngoài.",2025-07-30T09:10:41+00:00,Nguyên Hạnh,Toàn Bộ Thủ Tục Nhập Khẩu Mỹ Phẩm 2025,pages\000052--thu-tuc-nhap-khau-my-pham.txt
https://tiximax.us/category/thi-truong-my/page/1,200,"KIẾN THỨC THỊ TRƯỜNG Archives - TIXIMAX - VẬN CHUYỂN, MUA HỘ HÀNG MỸ",,,,,pages\000053--category--thi-truong-my--page--1.txt
https://tiximax.us/thu-tuc-nhap-khau-may-moc,200,"Thủ Tục Nhập Khẩu Máy Móc Mới & Cũ 2025 - TIXIMAX - VẬN CHUYỂN, MUA HỘ HÀNG MỸ","Thủ tục nhập khẩu máy móc mới, cũ, dây chuyền sản xuất : hồ sơ, mã HS, thuế, kiểm tra chất lượng, giấy phép nhập khẩu máy in, dán nhãn năng",2025-08-01T10:31:03+00:00,Nguyên Hạnh,Thủ Tục Nhập Khẩu Máy Móc Mới & Cũ 2025,pages\000054--thu-tuc-nhap-khau-may-moc.txt
https://tiximax.us/thu-tuc-nhap-khau-do-choi,200,"Hướng Dẫn Thủ Tục Nhập Khẩu Đồ Chơi Trẻ Em Từ Mỹ - TIXIMAX - VẬN CHUYỂN, MUA HỘ HÀNG MỸ","Hướng dẫn thủ tục nhập khẩu đồ chơi từ Mỹ chi tiết : mã HS, thuế, chứng nhận hợp quy, tiêu chuẩn kỹ thuật, nhãn mác và lưu ý quan trọng.",2025-08-04T09:30:30+00:00,Nguyên Hạnh,Hướng Dẫn Thủ Tục Nhập Khẩu Đồ Chơi Trẻ Em Từ Mỹ,pages\000055--thu-tuc-nhap-khau-do-choi.txt
https://tiximax.us/thu-tuc-nhap-khau,200,"Thủ Tục Nhập Khẩu : Các Bước, Hồ Sơ Và Lưu Ý Cần Biết - TIXIMAX - VẬN CHUYỂN, MUA HỘ HÀNG MỸ","Thủ tục nhập khẩu hàng hóa mới nhất 2025 cho doanh nghiệp: quy trình, hồ sơ, giấy phép và mẹo rút ngắn thời gian thông quan.",2025-07-29T07:00:34+00:00,Nguyên Hạnh,"Thủ Tục Nhập Khẩu : Các Bước, Hồ Sơ Và Lưu Ý Cần Biết",pages\000056--thu-tuc-nhap-khau.txt
https://tiximax.us/thu-tuc-nhap-khau-pin-lithium,200,"Thủ Tục Nhập Khẩu Pin Lithium Từ Mỹ - TIXIMAX - VẬN CHUYỂN, MUA HỘ HÀNG MỸ","Nhập khẩu pin lithium từ Mỹ cần lưu ý gì? Xem ngay thủ tục, mã HS, kiểm tra chất lượng, hợp quy, đóng gói và quy định vận chuyển an toàn.",2025-08-02T05:00:45+00:00,Nguyên Hạnh,Thủ Tục Nhập Khẩu Pin Lithium Từ Mỹ,pages\000057--thu-tuc-nhap-khau-pin-lithium.txt
https://tiximax.us/thu-tuc-nhap-khau-thuc-pham,200,"Thủ Tục Nhập Khẩu Thực Phẩm Năm 2025 - TIXIMAX - VẬN CHUYỂN, MUA HỘ HÀNG MỸ","Thủ tục nhập khẩu thực phẩm theo quy định mới nhất: hồ sơ, mã HS, thuế, công bố sản phẩm, kiểm dịch và lưu ý pháp lý cần nắm rõ.",2025-07-31T11:34:22+00:00,Nguyên Hạnh,Thủ Tục Nhập Khẩu Thực Phẩm Năm 2025,pages\000058--thu-tuc-nhap-khau-thuc-pham.txt
https://tiximax.us/tin-tuc,404,,,,,,pages\000059--tin-tuc.txt
https://tiximax.us/chinh-sach-doi-tra-hang-hoa,200,"Chính Sách Đổi Trả Hàng Hóa - TIXIMAX - VẬN CHUYỂN, MUA HỘ HÀNG MỸ",,2025-07-14T02:45:06+00:00,,,pages\000060--chinh-sach-doi-tra-hang-hoa.txt
https://tiximax.us/chinh-sach-bao-mat,200,"CHÍNH SÁCH BẢO MẬT - TIXIMAX - VẬN CHUYỂN, MUA HỘ HÀNG MỸ",,2025-07-14T03:06:11+00:00,,,pages\000061--chinh-sach-bao-mat.txt
https://tiximax.us/dich-vu-mua-ho-hang-indonesia-ve-viet-nam,200,"DỊCH VỤ MUA HỘ HÀNG MỸ - TIXIMAX - VẬN CHUYỂN, MUA HỘ HÀNG MỸ","TIXIMAX US: Chuyên mua hộ hàng Mỹ về Việt Nam uy tín. Dễ dàng mua hàng Mỹ từ Amazon, eBay, Walmart với phí ship cạnh tranh.",2025-08-13T04:35:27+00:00,,MUA HỘ HÀNG MỸ,pages\000062--dich-vu-mua-ho-hang-indonesia-ve-viet-nam.txt
https://tiximax.us/ve-chung-toi-tiximax,200,"Về chúng tôi - TIXIMAX - VẬN CHUYỂN, MUA HỘ HÀNG MỸ","Tiximax Logistics vận chuyển hàng quốc tế nhanh chóng, an toàn & giá tốt. Dịch vụ mua/gửi hàng Việt Nam - Indonesia và ngược lại.",2025-07-21T02:52:49+00:00,,VỀ CHÚNG TÔI,pages\000063--ve-chung-toi-tiximax.txt
https://tiximax.us/van-chuyen-hang-tu-my-ve-viet-nam,200,"VẬN CHUYỂN HÀNG TỪ MỸ VỀ VIỆT NAM - TIXIMAX - VẬN CHUYỂN, MUA HỘ HÀNG MỸ","Vận chuyển hàng từ Mỹ về Việt Nam cùng TIXIMAX US – Nhanh chóng, an toàn, thủ tục đơn giản. Dịch vụ trọn gói, nhận hàng chỉ từ 7–10 ngày",2025-07-18T10:05:34+00:00,,VẬN CHUYỂN HÀNGTỪ MỸ VỀ VIỆT NAM,pages\000064--van-chuyen-hang-tu-my-ve-viet-nam.txt
https://tiximax.us/thu-tuc-nhap-khau-thuc-pham-chuc-nang,200,"Thủ Tục Nhập Khẩu Thực Phẩm Chức Năng Từ Mỹ Về Việt Nam - TIXIMAX - VẬN CHUYỂN, MUA HỘ HÀNG MỸ","Thủ tục nhập khẩu thực phẩm chức năng 2025, đầy đủ quy trình từ kiểm nghiệm, công bố sản phẩm, khai báo hải quan đến quảng cáo đúng luật.",2025-08-05T11:00:15+00:00,Nguyên Hạnh,Thủ Tục Nhập Khẩu Thực Phẩm Chức Năng Từ Mỹ Về Việt Nam,pages\000065--thu-tuc-nhap-khau-thuc-pham-chuc-nang.txt
https://tiximax.us/dieu-khoan-dich-vu,200,"ĐIỀU KHOẢN DỊCH VỤ - TIXIMAX - VẬN CHUYỂN, MUA HỘ HÀNG MỸ",,2025-07-14T03:31:00+00:00,,,pages\000066--dieu-khoan-dich-vu.txt
https://tiximax.us/lien-he,200,"Liên hệ - TIXIMAX - VẬN CHUYỂN, MUA HỘ HÀNG MỸ",,2025-07-10T06:50:09+00:00,,Liên Hệ Báo Giá,pages\000067--lien-he.txt
https://tiximax.us/thanh-toan-ho,200,"Thanh toán hộ - TIXIMAX - VẬN CHUYỂN, MUA HỘ HÀNG MỸ","TIXIMAX US hỗ trợ thanh toán hộ, chuyển tiền nhanh chóng – an toàn – minh bạch từ Mỹ về Việt Nam. Giải pháp mua hàng không cần thẻ quốc tế!",2025-07-17T02:54:08+00:00,,,pages\000068--thanh-toan-ho.txt
https://tiximax.us/van-chuyen-hang-tu-indonesia-ve-viet-nam,200,"VẬN CHUYỂN HÀNG TỪ MỸ VỀ VIỆT NAM - TIXIMAX - VẬN CHUYỂN, MUA HỘ HÀNG MỸ","Vận chuyển hàng từ Mỹ về Việt Nam cùng TIXIMAX US – Nhanh chóng, an toàn, thủ tục đơn giản. Dịch vụ trọn gói, nhận hàng chỉ từ 7–10 ngày",2025-07-18T10:05:34+00:00,,VẬN CHUYỂN HÀNGTỪ MỸ VỀ VIỆT NAM,pages\000069--van-chuyen-hang-tu-indonesia-ve-viet-nam.txt
